Fuglemosen 4, st. th ;5294893
Fuglemosen 6, st. th ;5294897
Fuglemosen 2, st. th ;5294929
Fuglemosen 6, st. tv ;5294901
Fuglemosen 8, 1. th;5294905
Fuglemosen 4, st. tv ;5294921
Fuglemosen 2, 2. th ;5294909
Fuglemosen 2, 2. tv;5294913
Fuglemosen 4, 2. tv ;5294917
Fuglemosen 2, st. tv;5294937
Fuglemosen 6, 1. tv ;5294925
Fuglemosen 8, 2. mf ;5294933
Fuglemosen 4, 1. tv ;5294945
Fuglemosen 4, 1. th;5294941
Fuglemosen 2, 1. th;5294885
Fuglemosen 2, 1. tv;5294889
Fuglemosen 8, 1. mf;5294949
Fuglemosen 6, 2. tv ;5294977
Fuglemosen 4, 2. th ;5294953
Fuglemosen 8, st. th ;5294961
Fuglemosen 8, st. tv ;5294965
Fuglemosen 8, 1. tv ;5294957
Fuglemosen 6, 2. th ;5294973
Fuglemosen 6, 1. th ;5294969
Fuglemosen 8, 2. th ;5294981
Fuglemosen 8, 2. tv ;5294985
Fuglemosen 8, st. mf ;5294989
Fuglemosen 13, 2. th ;5295089
Fuglemosen 13, 1. th ;5295085
Fuglemosen 11, st. th;5295081
Fuglemosen 13, 2. tv ;5295093
Fuglemosen 13, st. th ;5295097
Fuglemosen 13, st. tv ;5295101
Fuglemosen 15, st. th ;5295105
Fuglemosen 15, st. tv ;5295109
Fuglemosen 9, st. th ;5295129
Fuglemosen 11, st. tv;5295113
Fuglemosen 13, 1. tv ;5295117
Fuglemosen 15, 2. tv ;5295125
Fuglemosen 15, 2. th;5295121
Fuglemosen 9, 1. tv;5295153
Fuglemosen 11, 2. tv ;5295021
Fuglemosen 9, 2. th ;5295033
Fuglemosen 11, 1. tv;5295001
Fuglemosen 15, 1. tv;5295005
Fuglemosen 11, 1. th;5294993
Fuglemosen 9, 1. th ;5295029
Fuglemosen 11, 2. th ;5294997
Fuglemosen 9, st. tv;5295009
Fuglemosen 15, 1. th ;5295025
Fuglemosen 9, 2. tv;5295037
Rylemosen 11, 1. th;5296134
Rylemosen 11, 1. tv;5296138
Rylemosen 11, 2. th;5296141
Rylemosen 7, 1. tv;5296154
Rylemosen 7, 2. tv;5296146
Rylemosen 11, 2. tv;5296150
Rylemosen 11, st. th;5296158
Rylemosen 11, st. tv;5296174
Rylemosen 7, st. tv;5296178
Rylemosen 7, 2. th;5296226
Rylemosen 9, 2. th;5296230
Rylemosen 9, st. tv;5296246
Rylemosen 7, st. th;5296214
Rylemosen 7, 1. th;5296201
Rylemosen 9, 1. th;5296218
Rylemosen 9, 2. tv;5296234
Rylemosen 9, st. th;5296238
Rylemosen 9, 1. tv;5296242
Rylemosen 16, 1. th;5295958
Rylemosen 18, st. th;5295962
Rylemosen 20, 1. tv;5295966
Rylemosen 22, 2. tv;5295970
Rylemosen 26, 2. tv;5295978
Rylemosen 26, 1. th;5295974
Rylemosen 26, st. th;5295982
Rylemosen 16, 1. tv;5295986
Rylemosen 18, 1. th;5295994
Rylemosen 18, 1. tv;5296018
Rylemosen 28, 1. th;5295998
Rylemosen 16, st. tv;5295990
Rylemosen 16, st. th;5296014
Rylemosen 16, 2. tv;5296010
Rylemosen 28, 1. tv;5296002
Rylemosen 16, 2. th;5296006
Rylemosen 18, 2. th;5296022
Rylemosen 24, 1. tv;5296038
Rylemosen 20, 2. tv;5296026
Rylemosen 20, st. th;5296030
Rylemosen 22, 1. tv;5296034
Rylemosen 28, 2. mf;5296042
Rylemosen 18, 2. tv;5296046
Rylemosen 18, st. tv;5296050
Rylemosen 20, 1. th;5296054
Rylemosen 20, 2. th;5296058
Rylemosen 22, 2. th;5296062
Rylemosen 22, st. th;5296066
Rylemosen 24, 2. th;5296070
Rylemosen 24, 2. tv;5296074
Rylemosen 24, st. th;5296078
Rylemosen 22, st. tv;5296114
Rylemosen 24, st. tv;5296082
Rylemosen 26, 2. th;5296094
Rylemosen 20, st. tv;5296086
Rylemosen 22, 1. th;5296090
Rylemosen 28, 2. tv;5296102
Rylemosen 28, st. tv;5296110
Rylemosen 28, 1. mf;5296098
Rylemosen 28, st. mf;5296106
Rylemosen 24, 1. th;5296118
Rylemosen 26, 1. tv;5296122
Rylemosen 26, st. tv;5296125
Rylemosen 28, 2. th;5296130
Høgemosen 14, 1. th;5295414
Høgemosen 16, st. th;5295458
Høgemosen 14, 2. tv;5295418
Høgemosen 24, 1. tv;5295474
Høgemosen 24, 2. mf;5295478
Høgemosen 16, 2. th;5295421
Høgemosen 20, 2. tv;5295466
Høgemosen 20, 2. th;5295426
Høgemosen 24, 1. th;5295434
Høgemosen 16, 1. tv;5295498
Høgemosen 22, 1. tv;5295430
Høgemosen 24, 2. th;5295482
Høgemosen 24, 2. tv;5295438
Høgemosen 18, 1. th;5295509
Høgemosen 14, st. tv;5295494
Høgemosen 24, st. tv;5295486
Høgemosen 16, 2. tv;5295502
Høgemosen 14, 2. th;5295490
Høgemosen 24, st. mf;5295442
Høgemosen 16, 1. th;5295453
Høgemosen 14, st. th;5295526
Høgemosen 16, st. tv;5295506
Høgemosen 24, st. th;5295446
Høgemosen 18, st. th;5295514
Høgemosen 14, 1. tv;5295450
Høgemosen 22, 2. tv;5295470
Høgemosen 22, 1. th;5295518
Høgemosen 18, 2. th;5295462
Høgemosen 22, 2. th;5295522
Høgemosen 18, 1. tv;5295530
Høgemosen 18, 2. tv;5295534
Høgemosen 18, st. tv;5295538
Høgemosen 20, 1. th;5295542
Høgemosen 20, 1. tv;5295546
Rylemosen 10, 1. th;5295778
Rylemosen 10, 1. tv;5295782
Rylemosen 10, 2. th;5295785
Rylemosen 4, 2. th;5295810
Rylemosen 12, 2. th;5295798
Rylemosen 10, 2. tv;5295790
Rylemosen 12, st. tv;5295802
Rylemosen 10, st. th;5295794
Rylemosen 8, 1. th;5295822
Rylemosen 14, 1. tv;5295806
Rylemosen 4, 2. tv;5295814
Rylemosen 4, st. th;5295818
Rylemosen 14, 2. th;5295834
Rylemosen 10, st. tv;5295826
Rylemosen 14, 1. th;5295830
Rylemosen 14, st. th;5295837
Rylemosen 2, 1. th;5295842
Rylemosen 2, 2. th;5295846
Rylemosen 2, st. th;5295850
Rylemosen 14, 1. mf;5295873
Rylemosen 6, 1. th;5295878
Rylemosen 2, st. tv;5295854
Rylemosen 12, 1. th;5295858
Rylemosen 12, 2. tv;5295866
Rylemosen 12, st. th;5295870
Rylemosen 14, 2. mf;5295890
Rylemosen 12, 1. tv;5295862
Rylemosen 6, 1. tv;5295882
Rylemosen 6, 2. th;5295886
Rylemosen 14, 2. tv;5295893
Rylemosen 14, st. mf;5295898
Rylemosen 14, st. tv;5295902
Rylemosen 2, 1. tv;5295906
Rylemosen 4, 1. tv;5295918
Rylemosen 6, st. th;5295930
Rylemosen 2, 2. tv;5295910
Rylemosen 4, 1. th;5295914
Rylemosen 4, st. tv;5295922
Rylemosen 8, 2. th;5295941
Rylemosen 6, 2. tv;5295926
Rylemosen 8, 2. tv;5295946
Rylemosen 6, st. tv;5295934
Rylemosen 8, st. th;5295949
Rylemosen 8, 1. tv;5295938
Rylemosen 8, st. tv;5295954
Høgemosen 2, 2. th;5295562
Høgemosen 10, 2. th;5295566
Høgemosen 12, 1. mf;5295570
Høgemosen 8, 2. th;5295574
Høgemosen 10, 2. tv;5295582
Høgemosen 10, st. tv;5295594
Høgemosen 12, 2. tv;5295597
Høgemosen 8, st. th;5295578
Høgemosen 4, st. tv;5295589
Høgemosen 10, st. th;5295586
Høgemosen 12, st. mf;5295602
Høgemosen 8, st. tv;5295613
Høgemosen 6, st. tv;5295606
Høgemosen 12, 1. th;5295610
Høgemosen 12, 1. tv;5295618
Høgemosen 12, 2. mf;5295622
Høgemosen 8, 1. th;5295653
Høgemosen 4, 2. tv;5295666
Høgemosen 6, 2. tv;5295626
Høgemosen 12, 2. th;5295630
Høgemosen 2, 1. th;5295638
Høgemosen 12, st. tv;5295634
Høgemosen 10, 1. th;5295549
Høgemosen 10, 1. tv;5295554
Høgemosen 2, 1. tv;5295642
Høgemosen 4, 1. tv;5295674
Høgemosen 12, st. th;5295557
Høgemosen 2, 2. tv;5295646
Høgemosen 2, st. th;5295658
Høgemosen 4, 1. th;5295662
Høgemosen 6, st. th;5295650
Høgemosen 2, st. tv;5295670
Høgemosen 4, st. th;5295678
Høgemosen 8, 2. tv;5295682
Høgemosen 4, 2. th;5295686
Høgemosen 6, 1. th;5295690
Høgemosen 6, 1. tv;5295694
Høgemosen 6, 2. th;5295698
Høgemosen 8, 1. tv;5295702
Rylemosen 1, 1. th;5295706
Rylemosen 1, 1. tv;5295710
Rylemosen 3, 1. tv;5295730
Rylemosen 1, 2. th;5295714
Rylemosen 1, st. th;5295718
Rylemosen 3, 1. th;5295722
Rylemosen 1, 2. tv;5295726
Rylemosen 3, 2. th;5295734
Rylemosen 1, st. tv;5295738
Rylemosen 5, 2. tv;5295742
Rylemosen 3, 2. tv;5295746
Rylemosen 3, st. tv;5295750
Rylemosen 5, st. tv;5295774
Rylemosen 5, 1. th;5295754
Rylemosen 5, st. th;5295758
Rylemosen 3, st. th;5295762
Rylemosen 5, 1. tv;5295766
Rylemosen 5, 2. th;5295770
Glentemosen 2, 1. th;5295157
Glentemosen 2, 2. th;5295168
Glentemosen 2, 1. tv;5295161
Glentemosen 2, st. th;5295164
Glentemosen 2, 2. tv;5295173
Glentemosen 4, 1. tv;5295194
Glentemosen 2, st. tv;5295177
Glentemosen 6, 1. tv;5295181
Glentemosen 6, 2. th;5295185
Glentemosen 4, 1. th;5295189
Glentemosen 6, st. th;5295222
Glentemosen 6, 2. tv;5295218
Glentemosen 4, 2. th;5295198
Glentemosen 4, 2. tv;5295202
Glentemosen 4, st. th;5295206
Glentemosen 6, st. tv;5295226
Glentemosen 4, st. tv;5295210
Glentemosen 6, 1. th;5295214
Glentemosen 12, 1. tv;5295385
Glentemosen 14, 1. th;5295390
Glentemosen 14, 2. th;5295394
Glentemosen 14, st. th;5295398
Glentemosen 8, 2. tv;5295402
Glentemosen 8, 1. th;5295410
Glentemosen 14, st. tv;5295406
Glentemosen 10, 1. th;5295306
Glentemosen 10, 2. tv;5295314
Glentemosen 10, 2. th;5295310
Glentemosen 12, 2. th;5295317
Glentemosen 14, 2. tv;5295334
Glentemosen 8, 1. tv;5295366
Glentemosen 12, 2. tv;5295322
Glentemosen 14, 1. mf;5295326
Glentemosen 14, st. mf;5295338
Glentemosen 8, st. th;5295345
Glentemosen 10, st. tv;5295354
Glentemosen 12, st. th;5295378
Glentemosen 14, 1. tv;5295330
Glentemosen 12, 1. th;5295358
Glentemosen 8, 2. th;5295342
Glentemosen 10, st. th;5295374
Glentemosen 10, 1. tv;5295350
Glentemosen 14, 2. mf;5295362
Glentemosen 8, st. tv;5295370
Glentemosen 12, st. tv;5295381
Glentemosen 16, 2. tv;5295049
Glentemosen 16, st. th;5295053
Glentemosen 20, 1. tv;5295065
Glentemosen 16, st. tv;5295056
Glentemosen 20, st. tv;5295077
Glentemosen 20, 2. tv;5295073
Glentemosen 18, 1. th;5295061
Glentemosen 20, 2. th;5295069
Glentemosen 18, 2. th;5295133
Glentemosen 18, st. th;5295141
Glentemosen 20, 1. th;5295149
Glentemosen 18, st. tv;5295145
Glentemosen 18, 2. tv;5295137
Glentemosen 18, 1. tv;5295013
Glentemosen 20, st. th;5295017
Glentemosen 16, 1. tv;5295041
Glentemosen 16, 2. th;5295045
Glentemosen 22, 1. th;5295230
Glentemosen 22, 2. th;5295238
Glentemosen 26, 1. mf;5295246
Glentemosen 22, 2. tv;5295242
Glentemosen 22, 1. tv;5295234
Glentemosen 26, 1. th;5295250
Glentemosen 26, 1. tv;5295254
Glentemosen 24, 2. tv;5295294
Glentemosen 22, st. tv;5295258
Glentemosen 24, 1. th;5295262
Glentemosen 26, st. mf;5295278
Glentemosen 24, 1. tv;5295265
Glentemosen 26, 2. th;5295270
Glentemosen 26, 2. tv;5295273
Glentemosen 26, st. th;5295282
Glentemosen 26, st. tv;5295286
Glentemosen 24, 2. th;5295290
Glentemosen 24, st. th;5295298
Glentemosen 24, st. tv;5295302
Ørnemosen 13, 2. th;5296366
Ørnemosen 13, st. tv;5296342
Ørnemosen 11, st. th;5296354
Ørnemosen 9, 1. th;5296370
Ørnemosen 11, 1. tv;5296350
Ørnemosen 13, 1. th;5296362
Ørnemosen 11, st. tv;5296358
Ørnemosen 11, 1. th;5296198
Ørnemosen 9, st. tv;5296222
Ørnemosen 9, 1. tv;5296206
Ørnemosen 9, 2. tv;5296209
Ørnemosen 9, 2. th;5296290
Ørnemosen 11, 2. th;5296270
Ørnemosen 11, 2. tv;5296274
Ørnemosen 13, 1. tv;5296277
Ørnemosen 13, st. th;5296286
Ørnemosen 13, 2. tv;5296282
Ørnemosen 9, st. th;5296294
Falkemosen 6, 1. tv;5294349
Falkemosen 2, st. tv;5294353
Falkemosen 8, st. mf;5294357
Falkemosen 2, 1. th;5294201
Falkemosen 2, 1. tv;5294205
Falkemosen 2, 2. tv;5294209
Falkemosen 2, 2. th;5294213
Falkemosen 4, st. tv;5294217
Falkemosen 4, st. th;5294221
Falkemosen 4, 1. tv;5294225
Falkemosen 4, 1. th;5294228
Falkemosen 4, 2. th;5294233
Falkemosen 4, 2. tv;5294237
Falkemosen 6, st. tv;5294273
Falkemosen 6, st. th;5294277
Falkemosen 8, 1. tv;5294309
Falkemosen 6, 1. th;5294281
Falkemosen 6, 2. tv;5294285
Falkemosen 6, 2. th;5294289
Falkemosen 8, st. tv;5294297
Falkemosen 8, st. th;5294301
Falkemosen 8, 1. th;5294305
Falkemosen 8, 2. mf;5294317
Falkemosen 8, 1. mf;5294313
Falkemosen 2, st. th;5294333
Falkemosen 8, 2. th;5294337
Falkemosen 10, st. th;5294167
Falkemosen 10, 1. tv;5294171
Falkemosen 10, 2. tv;5294175
Falkemosen 10, 1. th;5294183
Falkemosen 10, 2. th;5294179
Falkemosen 12, st. tv;5294365
Falkemosen 10, st. tv;5294189
Falkemosen 16, 1. tv;5294361
Falkemosen 12, st. th;5294193
Falkemosen 12, 1. tv;5294197
Falkemosen 14, 1. tv;5294253
Falkemosen 14, 1. th;5294241
Falkemosen 14, 2. tv;5294245
Falkemosen 16, st. th;5294257
Falkemosen 14, st. th;5294249
Falkemosen 16, 2. tv;5294265
Falkemosen 16, 1. th;5294261
Falkemosen 16, 2. th;5294269
Falkemosen 14, st. tv;5294340
Falkemosen 14, 2. th;5294293
Falkemosen 12, 1. th;5294329
Falkemosen 12, 2. tv;5294321
Falkemosen 16, st. tv;5294325
Falkemosen 12, 2. th;5294345
Brøndbyvestervej 148, st. tv;5294645
Brøndbyvestervej 150, 1. tv;5294649
Brøndbyvestervej 150, 2. tv;5294653
Brøndbyvestervej 150, st. tv;5294657
Brøndbyvestervej 152, 1. tv;5294705
Brøndbyvestervej 152, 1. th;5294661
Brøndbyvestervej 152, st. th;5294665
Brøndbyvestervej 152, 2. th;5294709
Brøndbyvestervej 152, 2. tv;5294716
Brøndbyvestervej 152, st. tv;5294713
Brøndbyvestervej 150, 2. th;5294613
Brøndbyvestervej 148, 1. tv;5294636
Brøndbyvestervej 150, 1. th;5294609
Brøndbyvestervej 150, st. th;5294617
Brøndbyvestervej 146, 1. th;5294585
Brøndbyvestervej 152, 2. mf;5294620
Brøndbyvestervej 146, 2. th;5294589
Brøndbyvestervej 146, st. th;5294593
Brøndbyvestervej 146, 1. tv;5294625
Brøndbyvestervej 148, 1. th;5294597
Brøndbyvestervej 146, st. tv;5294633
Brøndbyvestervej 148, 2. th;5294601
Brøndbyvestervej 148, 2. tv;5294641
Brøndbyvestervej 148, st. th;5294605
Brøndbyvestervej 146, 2. tv;5294629
Ørnemosen 7, 1. th;5296334
Ørnemosen 7, 2. th;5296161
Ørnemosen 7, 1. tv;5296338
Ørnemosen 5, st. tv;5296346
Ørnemosen 7, 2. tv;5296166
Ørnemosen 7, st. th;5296170
Ørnemosen 1, 1. th;5296182
Ørnemosen 1, 2. th;5296186
Ørnemosen 3, st. th;5296190
Ørnemosen 5, st. th;5296194
Ørnemosen 1, 1. tv;5296250
Ørnemosen 3, st. tv;5296254
Ørnemosen 7, st. tv;5296258
Ørnemosen 1, st. th;5296266
Ørnemosen 3, 1. th;5296306
Ørnemosen 1, 2. tv;5296262
Ørnemosen 1, st. tv;5296298
Ørnemosen 3, 2. tv;5296314
Ørnemosen 3, 1. tv;5296310
Ørnemosen 5, 2. th;5296318
Ørnemosen 5, 1. th;5296322
Ørnemosen 3, 2. th;5296302
Ørnemosen 5, 1. tv;5296326
Ørnemosen 5, 2. tv;5296330
Brøndbyvestervej 138, 1. th;5294477
Brøndbyvestervej 138, 1. tv;5294481
Brøndbyvestervej 138, 2. th;5294485
Brøndbyvestervej 144, 2. tv;5294513
Brøndbyvestervej 138, 2. tv;5294489
Brøndbyvestervej 144, 2. th;5294509
Brøndbyvestervej 138, st. tv;5294493
Brøndbyvestervej 144, 1. th;5294497
Brøndbyvestervej 144, 1. tv;5294501
Brøndbyvestervej 144, 2. mf;5294505
Brøndbyvestervej 144, st. mf;5294517
Brøndbyvestervej 144, st. th;5294521
Brøndbyvestervej 144, st. tv;5294525
Brøndbyvestervej 138, st. th;5294529
Brøndbyvestervej 140, 1. th;5294533
Brøndbyvestervej 140, 1. tv;5294537
Brøndbyvestervej 140, 2. tv;5294541
Brøndbyvestervej 140, 2. th;5294545
Brøndbyvestervej 140, st. th;5294549
Brøndbyvestervej 140, st. tv;5294553
Brøndbyvestervej 142, 1. th;5294557
Brøndbyvestervej 142, 2. tv;5294569
Brøndbyvestervej 142, 1. tv;5294561
Brøndbyvestervej 142, st. th;5294573
Brøndbyvestervej 144, 1. mf;5294581
Brøndbyvestervej 142, 2. th;5294565
Brøndbyvestervej 142, st. tv;5294577
Brøndbyvestervej 130, 1. th;5294369
Brøndbyvestervej 132, 2. th;5294373
Brøndbyvestervej 134, 1. tv;5294377
Brøndbyvestervej 136, 1. tv;5294381
Brøndbyvestervej 136, 2. th;5294389
Brøndbyvestervej 136, 2. mf;5294385
Brøndbyvestervej 130, 1. tv;5294397
Brøndbyvestervej 136, st. mf;5294393
Brøndbyvestervej 134, 1. th;5294409
Brøndbyvestervej 134, 2. th;5294412
Brøndbyvestervej 130, 2. th;5294401
Brøndbyvestervej 132, st. tv;5294405
Brøndbyvestervej 130, 2. tv;5294417
Brøndbyvestervej 130, st. tv;5294421
Brøndbyvestervej 130, st. th;5294425
Brøndbyvestervej 132, 2. tv;5294429
Brøndbyvestervej 132, st. th;5294433
Brøndbyvestervej 136, 1. th;5294437
Brøndbyvestervej 136, 2. tv;5294441
Brøndbyvestervej 136, st. th;5294445
Brøndbyvestervej 132, 1. th;5294449
Brøndbyvestervej 136, st. tv;5294469
Brøndbyvestervej 134, 2. tv;5294453
Brøndbyvestervej 134, st. th;5294457
Brøndbyvestervej 134, st. tv;5294461
Brøndbyvestervej 132, 1. tv;5294473
Brøndbyvestervej 136, 1. mf;5294465
Fuglemosen 7, 2. th;5294693
Fuglemosen 3, 1. th;5294669
Fuglemosen 3, 1. tv;5294673
Fuglemosen 3, 2. th;5294677
Fuglemosen 7, 1. tv;5294721
Fuglemosen 3, 2. tv;5294681
Fuglemosen 5, 1. tv;5294685
Fuglemosen 5, st. th;5294689
Fuglemosen 7, st. tv;5294701
Fuglemosen 7, st. th;5294697
Fuglemosen 7, 2. tv;5294724
Fuglemosen 1, 1. th;5294729
Fuglemosen 1, 1. tv;5294732
Fuglemosen 1, st. tv;5294749
Fuglemosen 1, 2. th;5294737
Fuglemosen 1, 2. tv;5294741
Fuglemosen 5, 1. th;5294761
Fuglemosen 7, 1. th;5294777
Fuglemosen 1, st. th;5294745
Fuglemosen 3, st. th;5294753
Fuglemosen 3, st. tv;5294757
Fuglemosen 5, 2. th;5294765
Fuglemosen 5, 2. tv;5294769
Fuglemosen 5, st. tv;5294773
Fuglemosen 14, 1. tv;5294849
Fuglemosen 14, 2. tv;5294853
Fuglemosen 14, st. tv;5294857
Fuglemosen 16, 2. tv;5294861
Fuglemosen 16, st. mf;5294865
Fuglemosen 16, st. th;5294869
Fuglemosen 10, st. th;5294873
Fuglemosen 12, 2. th;5294877
Fuglemosen 16, 1. mf;5294881
Fuglemosen 10, 1. th;5294781
Fuglemosen 10, 1. tv;5294785
Fuglemosen 10, st. tv;5294789
Fuglemosen 12, st. tv;5294793
Fuglemosen 14, st. th;5294797
Fuglemosen 16, 2. th;5294804
Fuglemosen 12, 1. th;5294813
Fuglemosen 12, 2. tv;5294817
Fuglemosen 16, 1. th;5294801
Fuglemosen 10, 2. th;5294809
Fuglemosen 16, st. tv;5294833
Fuglemosen 12, st. th;5294821
Fuglemosen 16, 1. tv;5294825
Fuglemosen 16, 2. mf;5294829
Fuglemosen 10, 2. tv;5294837
Fuglemosen 12, 1. tv;5294841
Fuglemosen 14, 1. th;5294845
